Race,0
African American,0.5277161862527716
Asian,0.5
Caucasian,0.4793504410585405
Unknown,0.5975609756097561
