Sex,0
Female,0.4934510250569476
Male,0.4944020356234097
