AgeGroup,0
<30,0.5066225165562914
30-45,0.478756884343037
45-60,0.5129682997118156
60+,0.4410569105691057
